library,SSO,staffed
Burnt Oak,30.5,15.5
Childs Hill,0.0,18.000000000000004
Chipping Barnet,68.50000000000001,23.5
Colindale,68.50000000000001,23.5
East Barnet,0.0,21.0
East Finchley,53.0,16.0
Edgware,68.50000000000001,23.5
Finchley Church End,68.50000000000001,23.5
Golders Green,53.5,15.5
Hendon,53.0,16.0
Mill Hill,0.0,14.5
North Finchley,53.5,15.5
Osidge,56.5,15.5
South Friern,0.0,24.0
